User,ip,completed,code,condition
Bob,169.236.78.23,False,ZCx9gFIWm37n,001
BobHart,2601:203:4200:2c4e:6c37:6141:bd52:6f41,False,NMDg3KXMIxeI,010
Bobby,73.90.54.71,False,yK779YTvA6W4,011
asdfasdfdsa,169.236.78.21,True,sVv6qOSo6tSJ,100
ithPFJ7h,169.236.78.22,False,XFcMCkzWYf2m,101
PhpMRbXY,169.236.78.22,False,VMWcVeCMNAKG,110
lVjcavdH,169.236.78.22,False,GORvHrLQNKio,111
ez2SVfyN,169.236.78.22,False,RVdgIc1CGhZZ,000
fCEn5OhO,169.236.78.22,False,i0w7lhuzhQN4,001
oNJctRXN,169.236.78.22,False,Pby6Iqr34eb2,010
vyykc4TB,169.236.78.22,False,WfXm2TddBvEK,011
mheBdya2,169.236.78.22,False,VJ8N80fXwVcq,100
UVaGWJWh,169.236.78.22,False,h48cxYsXqy0T,101
GpYaoEl5,169.236.78.22,False,Tb0zxL8PS67U,110
wxPkrWOW,169.236.78.22,False,quMrFJhiHD5B,111
9Ga8a7BL,169.236.78.22,False,6bniqDCI07NI,000
eX2t0AMi,169.236.78.22,False,AEwLJbxXCFUb,001
LoadTest,73.90.204.205,True,HbwxP1JPCDjU,010
TTnti5eS,169.236.78.21,True,lXYo8COfa8k9,011
Load,Test,True,xkM6KjPvBU28,100
YulinLi,73.151.178.192,True,ZnojFthALYE1,101
JOANAMARINARVARTE,76.20.80.47,True,pE36wE5JqWgm,110
ElenaFratis,169.236.78.21,True,5o1meCqZ8WHC,111
JenniferHerr,73.220.22.221,True,Bj6P1vPsOuPe,000
AnnaBeltran,172.56.38.138,True,zjIGHXTRZFsP,001
JasonTRodrigues,73.41.196.161,True,1rcvpYqVJZmg,010
EloisaGarcia,71.197.98.79,True,ui8i9mfTOrkA,011
LeahCalderon4,104.60.236.52,False,bRdmOkxKzhQA,100
SalvadorGonzalez,169.236.78.20,True,ks5F0Molhi09,101
LeahCalderon3,104.60.236.52,True,Ck0BfiG941b0,110
epEY9NjN,73.151.178.192,False,DydJKVtnDsht,111
iq2ZkneF,73.151.178.192,False,bNobGmZP8KUN,000
AngelChavez,73.235.207.11,False,qcYaWfsklrRu,001
QqYrn8va,73.151.178.192,False,PZlQgTa3AUNc,010
zQVGFRSZ,68.116.90.104,False,89FSWt9eTUC2,011
YulinLi2,73.151.178.192,True,hoFACA6xNnDW,100
BelindaFigueroa,68.116.90.104,True,xVyttLQCEWXn,101
LIXIANZHI,169.236.78.23,True,hVCH9rtCZGgp,110
SPBnIOmZ,73.151.178.192,False,iEyYNol67Zi3,111
Aileen,Castellanos,True,y05VDIBTmDym,000
DaisyDeLaTorre,172.3.238.140,True,k2bLsmLNoqGD,001
SandraAlvarez,98.255.238.188,True,qe9r73p4Qw0k,010
DavidEsparza,73.151.76.37,False,yDRKKps6867E,011
lillyannehermosilla,169.236.56.70,False,RChfhm03oDgX,100
Tanvi,Sareen,True,HnKOsCu1RC3N,101
nWidu4Iu,73.220.190.178,False,cDjZIhFtzTo7,110
JosephAwwad,73.235.207.136,True,2sDGIt05zE6K,111
MariaPuglisi,73.235.207.40,False,ccowEhOqBKTJ,000
AnnettRodriguez,73.151.183.93,True,nKjs8WaY2y8Q,001
MariaPuglisi2,73.235.207.40,True,l8Df6V7cX4OJ,010
MonicaAnaya,71.93.238.93,True,H4EV9ILJtyLu,011
DavidEsparza1,73.90.49.40,True,mz6OrxLMlp4M,100
JohanaMartinez,98.192.175.149,True,3WGTict73VHw,101
FrankCameras,169.236.78.22,True,DeLkGx7Qm5tB,110
DenissePeralta,169.236.78.20,True,qSJQqdVgLBPZ,111
bngykQ9Z,169.236.78.20,False,RbWh493LffoE,000
ChiaraTy,169.236.78.22,True,kj1tY8KRvcy2,001
MarissaCano,108.67.244.56,True,ta5NAmZ1HsQd,010
HanhLe,107.141.79.99,True,Wy4QhZZMrzjL,011
ManuelGonzalez,71.197.98.170,True,e7ScVX19R0f1,100
GautamPanakkal,73.220.255.194,True,GzWYSqXjICG6,101
YijiaGuo,108.67.244.66,True,wJTh2rqZQSL4,110
MelissaMenendez,169.236.78.21,True,VdwFI5fpbARx,111
lillyannehermosilla1,73.185.38.230,True,IzlCXeq4J6Jv,000
VEaGZRHU,128.97.221.195,False,7ielBykf5Ydk,001
ElizabethCallahan,169.236.78.25,True,vRvFoeDPr6w7,010
nDxAi7ok,73.41.196.21,False,pPXZbKZjupFU,011
AngelChavez2,73.66.215.5,True,oeIrIctB03TF,100
ChristopherArambula,67.181.129.63,True,TgM2ImPWD3h3,101
FelixMojica,76.254.101.226,True,SfeM9xImJyU1,110
EsmeraldaPalafox,73.66.123.208,True,1iJzSffhFoWO,111
FelixMojica1,76.254.101.226,False,wzG8cqjuGRvZ,000
AmandaCalvo,73.41.196.21,True,2KCi1hLEMPL7,001
ChristopherHim,98.208.25.157,True,N2guO8aUsHDQ,010
brittanycarlson,169.236.78.21,False,s1KLrcbJNBmn,011
brittanycarlson1,169.236.78.21,True,NuUZ8orqKxm7,100
KateBryan,73.66.126.72,True,1DJXakyXSZpU,101
Vanessa,Martienz,True,pUhVxf863qit,110
LizaOh,169.236.78.22,True,Z522PsEVgYBc,111
Lawrence,Rush,True,LpFBWpbLHQ90,000
YanellyRubio,71.197.99.226,True,EzXjxftTmQTX,001
Mariel,73.192.164.9,False,sp1ua8filXPa,010
MarielGonzales2,73.192.164.9,True,dIWyoAVldiVD,011
HannahKang,98.192.173.137,True,W0C4wim35xYA,100
MiguelBasilio,73.66.127.54,True,5jJT2qibqny0,101
ViriGarza,169.236.78.23,False,4E8uk4YGnFoK,110
virigarza2,169.236.78.23,False,XirDkrEtNnvT,111
Viri,garza,True,Z94VPyHjNnvE,000
Ricardo,Martinez,True,zGmUQyRynWKr,001
uK5YmVCW,169.236.78.22,False,3WS7rG7vMv68,010
EJUDbtja,169.236.78.22,False,lapE2sjsx7q7,011
OxllpgMp,169.236.78.22,False,gzqcmhgOvc1F,100
Nhq0zG3C,169.236.78.22,False,VgMGLyNOVGGE,101
jobu,73.90.205.114,False,kO03BPIdxqRq,110
pEHkXCyP,169.236.78.21,False,UKuhNR7haD8X,111
disregard,169.236.78.21,False,0HO1J1Nas2DC,000
4rr6gluv,169.236.78.21,False,lL6DAzUgAQmG,001
7Hd3FAdn,169.236.78.23,False,9uy6Hw084ac8,010
NzNswzMQ,73.48.194.221,False,d1gbxkJG6VjN,011
9065BZEl,169.236.78.22,False,TSDdS5ZTB1US,100
YX4lLAfY,169.236.78.22,False,Tj4OSPSNUeJM,101
io7KlYfg,169.236.78.22,False,HwJig70tAv6S,110
5dBlPks7,104.56.194.226,False,sbY9sN9zuZwv,111
hRW8mqQX,104.56.194.226,False,GmJWitfkqwLO,00
WTUCMlRc,104.56.194.226,True,JlOESjQRUuRM,01
Yx9Te5hU,169.236.78.22,False,mWsZGUhk3If7,10
efTd3PFT,169.236.78.23,False,N6RjFidmT6V1,11
S1y8EYM5,73.90.54.71,True,3zgznE4eW118,00
Io5I7aQW,76.20.106.72,False,AR0R4lIpoify,01
FuYsW1UC,73.90.205.17,True,qPzf0zHNcsgu,10
7WPfIg7x,73.90.205.17,False,Rv2ttRG3fgMV,11
Gb2uXSyg,169.236.78.23,True,IOVzJVVaf1s5,00
gL7WskDh,169.236.78.23,False,jZyqpoiea7On,01
8bWB2FHR,169.236.78.23,True,fPZJP4S9lb3p,10
92ytJIm6,169.236.78.23,False,VXGAUFutFpd3,11
HMsugY7t,169.236.78.22,True,oqNrq4E6x2ye,00
w05lGnnN,169.236.78.23,False,tVNgul09kKF7,01
wwVQwmxx,169.236.78.23,False,qYSBqKtHbJTV,10
kRkYWLfN,169.236.78.23,False,WnrZOqHKF3zv,11
JBRYZthu,169.236.78.23,False,cmMOlX4Y4Vco,00
qxodr02U,169.236.78.23,False,ygVPo2JAErKe,01
2LmRUJ4I,169.236.78.23,False,Y1WdNqpGUEXt,10
etRt7m8A,169.236.78.23,True,sm7m3rlIqsd0,11
Ga8OA1xq,169.236.78.23,False,0fuOeoBKXWWz,00
2dmKbIyu,169.236.78.23,False,p5p70rvwIwdA,01
eGjfJfyo,169.236.78.23,True,SowLyXFoxA91,10
qWCpSw6A,73.90.54.71,True,RdlLTI1xnv2B,11
VcXieWyR,73.90.54.71,True,ju2xY8mkWEp5,00
vLITchU9,73.90.54.71,False,GNaXeVKn5LLo,01
QT3yxzXF,73.90.54.71,False,ES9oCpApNMlX,10
3giPMPXL,67.245.216.203,True,bZL4GEOs1v1D,11
V7xjYgb5,71.238.72.79,True,Hx23HY1yGfmt,00
LkOUi2gY,66.177.113.95,True,fPtVEbXIevjf,01
zM3y5GWu,24.167.164.138,False,QFcTPVE1Pn0w,10
kQytvmsP,207.189.6.246,False,E1sC8uiJdiVd,11
I3uHweLJ,162.72.201.199,True,7i8hqXXwHsjw,00
rCJHVlKj,174.134.218.130,True,SdslToSHZViq,01
Hk6MDgVU,70.92.99.167,False,1PRIPDjWhDKq,10
wq2KKUdH,73.7.95.169,True,Ioyvjk3eGXVM,11
VusfKgE0,63.151.141.158,True,0oq2VSgLOSOe,00
9ouMuvhC,174.71.44.203,True,zKNDF8s7o7PV,01
XiPquBgt,75.133.243.227,False,TPIVgf3N5ZeW,10
niKR96T2,108.26.113.184,True,51uPSODyalP4,11
wKUV9KKh,71.60.31.147,True,uJKmLgBi0gyq,00
KbH34z7n,70.60.202.70,False,9gMIjSeUvudD,01
MMNnRoxI,65.186.20.223,True,ZwdANNF6dDZn,10
Q3bUrHN0,71.70.168.138,True,NxTJa4UM66dK,11
6lSLfwrj,76.118.108.13,True,uGXx74oZDPbe,00
d5TtPBVO,71.176.137.84,True,jJnR2whJ1tYx,01
Xd1AbLxd,68.59.2.40,True,rNFrDjmLlwAn,10
BHYseRII,173.94.164.190,False,ex8sN8k26N7o,11
MK8ank3t,24.130.232.222,True,jQ0T7eyq5ZXE,00
nscjTdGg,85.108.172.239,True,qSV6fuINu7X6,01
u5hH9AnK,47.35.191.134,True,DnUxGoDQYGHq,10
plFaPIev,8.28.16.254,False,V6Dl6H0gxBV9,11
cVK0PAig,66.41.60.43,True,icKllYwEaME1,00
P37X2UXD,174.71.60.245,True,p8MMdkH2yyWl,01
QClV5CgM,104.156.124.49,True,9EwhnFP7sebz,10
Ikdhwl8F,166.137.118.23,True,zZBNPl5xcBYy,11
iqQuebzL,68.59.23.65,True,GK6m7tN8jTEy,00
749nGWZB,173.93.84.103,True,zrklfcpuVpA3,01
7ZGAn2Bf,137.52.20.242,True,9LK50aw3mTbV,10
YUZPuseQ,47.42.127.42,True,vzvCwF8wsT14,11
pf0QGI9s,76.114.194.86,True,0PSu1VHfLeFe,00
uYxesZtx,184.98.82.227,True,jc6qpydxeLGB,01
Gy8jKqkf,73.11.86.21,True,0UXQmhrOqP7H,10
dNEHoXCi,24.44.208.5,False,g0JaBo8jAKwf,11
PlexAH9K,71.30.211.248,True,P0a3UTpwhJxR,00
hFdyJMDL,68.63.164.6,True,GKwVFkN6hMl0,01
YFXXpZVT,65.51.42.182,True,1Y0n5Xmeq48k,10
SMgQrlge,98.242.255.44,True,n9nIHLGt45TU,11
lJGFjpp3,73.37.86.81,True,F4FnwtELK3yj,00
1Rn8ehYl,70.172.194.36,True,ETRgyb0RM7Cg,01
eLOP448g,73.128.105.17,True,aYJZOYhTNynx,10
LZl3mEF7,173.75.52.27,True,rH519JTs4kao,11
KyVjf7Hh,107.141.247.68,True,ikuOiRe3mX6S,00
xCLsOgnf,45.47.95.128,True,Lzo6o5YxVq6r,01
9zk10Z8Z,70.95.73.233,False,EsRAV7hn1CWB,10
Wf70brgK,47.16.233.128,True,HiUklJ7lbe90,11
7K3HI6nv,67.240.16.20,True,FEHc4H0vdowV,00
ssorjU8g,97.70.44.151,True,BJ380LRlgRMP,01
PEP780Fw,137.52.20.244,True,ZyzwioRSEj0A,10
daJawCX7,73.156.34.188,True,ZNgbBvSgjbOT,11
i5mzlW7M,68.35.27.130,True,JyvnItn3INZi,00
b2HVQJeA,72.189.106.155,False,EACdHFBgncds,01
oGTaOAto,65.37.106.51,True,iZswUl1bw8xB,10
2RZeUTDi,71.82.100.71,True,BFOpRANCqi8H,11
1UFlI9iB,75.133.232.231,True,Kk8wz9DBXLQc,00
RqAPFDpQ,10.100.41.33,False,NMpgEeDL0kpD,01
Ww3JSJU5,50.88.136.91,True,AeDf746272TC,10
XXe9eekD,199.96.205.224,True,5GIyp5UUw7v3,11
N0oYs7Va,24.60.90.10,True,H2PmnST5pQPM,00
FqrTppif,73.8.31.144,True,BeD7uMxe8hxa,01
ivYvMQk5,72.82.143.73,True,mqopGk2FhM7x,10
dNu0bOpl,24.130.203.217,True,jVXgU7OBSwtY,11
x3zXRXlk,192.168.102.43,True,PpObOoqkbH87,00
b9Ala24X,107.211.4.217,True,YSRwghXkr2jm,01
TL6ZpAjW,174.229.4.184,False,aIlLnURjILbC,10
cXtuB8XG,74.142.138.220,True,4wBNQXtcw2tq,11
Qp62N2Yq,71.120.147.27,True,GrS4S43g4sYS,00
EVuCXsEm,67.172.60.9,False,ZFg6gbamK9vR,01
2llV7Pjs,174.140.64.232,False,QezgBZHuEDxf,10
4UvEBpgm,173.80.189.61,True,jNRcMQRM9EDZ,11
FLw1ng8S,67.172.60.9,False,9HLcvrIYoCTw,00
IIXSdCHI,108.225.41.224,True,3efhYnqWfOw9,01
CMHHat09,209.105.187.184,True,Nsic3zKKJ7Ou,10
EeGu8O1x,54.85.182.120,False,9rcUkaHAhBLu,11
zCdvTUxd,98.91.3.38,True,kzh3zvZT1KI3,00
LgF7aFXB,108.195.92.66,True,UvPeQHj1XhEu,01
hcT5BLjj,98.193.105.168,True,uFJsamZjcIyV,10
kjhxkoFM,98.254.156.176,True,n7EK8UeG1phA,11
V10cNvED,8.28.16.254,False,GwOQ8zKVkDE1,00
GuSfeDGp,216.81.94.75,True,zgecOVCTfRXq,01
HqfeYhj5,69.203.93.205,True,kttCxWMMdgxF,10
oHcHf2rP,71.48.126.135,True,MVZhk5W8wWnr,11
HplI9hnY,76.6.25.161,True,LQk5tQyCwy9g,00
wIei0Ecb,73.75.151.81,True,ovX9PX6BoMga,01
OgS0EPaD,72.133.46.6,True,qAm9Qx8kmWXp,10
FUbi6F6R,107.196.108.81,True,vXo9t29TWtB6,11
lCo9Tm5K,172.56.31.229,False,FfywEzadDFTR,00
8LCAYY2C,47.183.31.162,True,Yc0N8Evf5wi9,01
xdIY0oiH,173.185.50.147,False,AMyWriUzHgL6,10
CfXiPWMN,71.184.155.157,True,rYl7Xrt4UVwW,11
u8FjlWIE,108.6.19.78,False,3rEtKmbThNSI,00
Y34NOPgh,108.6.19.78,False,aiD7pC298sGa,01
OENbz51L,98.91.3.38,False,noN6MdP6AJrZ,10
YKnUaoiX,166.181.87.244,True,TuKh3vStDZ9O,11
w5G2FcW7,73.32.39.60,True,jq2HP8vSFEvY,00
t7kaosEd,24.246.233.20,True,VBanBNq2JcTl,01
6wlomXLK,45.22.71.20,True,5DbwAEs2go3B,10
lZCieJsd,73.79.194.230,True,HEBlQwDbd2Ec,11
zdoADfgT,184.18.202.60,True,nQoYZ2FMEFWr,00
SCRuBiGt,104.174.223.0,False,OrHDRyXPvBUj,01
wtp95C8F,98.170.228.228,True,dO6Rf24zOGn3,10
VOVlKQUR,23.29.39.194,True,dT05JBdm0YxO,11
VnkcEgDQ,107.2.68.78,True,YbO1dY2r8LQ2,00
rFyQNOVo,216.241.40.139,True,duUPqEsZUNIf,01
Ao72NvP0,198.245.254.124,True,Mlpr0USo0LL8,10
iRLoMLUt,71.15.41.172,True,CQ8fvrhcv6Zd,11
Y9cIDbTy,73.221.197.187,True,xjPpaxJNAR6k,00
PRnt6uFB,100.7.75.66,True,felFuMs3PF41,01
mZNDVxm7,141.126.136.39,True,cFsWdZjVScMS,10
gBTIeRwa,73.119.2.27,True,8N2P3vrtPhU0,11
08VWLRFA,99.46.169.184,True,QyOHA6Nk2yO7,00
3QilCbuI,75.87.100.146,True,t8Z7bLL7hxXq,01
65oC0H84,72.218.214.239,True,OmsjOVev20bb,10
94xcnsnE,173.125.87.4,False,Usoe8LeiC0vj,11
rzExhAnj,174.59.244.184,True,zdPmz53E8RgS,00
pcKvUC6c,63.234.82.58,True,WR2dbv4eUEVM,01
QX2Xeeg6,68.42.78.210,False,7u5SuUZssLiM,10
1qT9UjLp,76.127.122.245,True,djc2aN1TVxnn,11
YqjmkHOZ,47.196.65.12,False,VPLoYxTMZMjf,00
wNOuGSRR,64.62.197.69,False,0v1EtDrNe5IB,01
vJjYiGdU,67.0.223.176,True,P88w7IIdKctt,10
QBQc8WI2,67.1.146.89,False,5QinYnKQ09AX,11
covdMAVd,207.172.250.130,True,2r3fTHUr0Afq,00
6ZB9WMgM,75.76.60.225,True,teif9MIFhQgB,01
3YS60ZAR,173.73.165.214,True,P0GYfwRFQKnV,10
hwXMQeeY,47.42.158.78,True,i9slLzWiZQ82,11
lPO3GyYi,70.177.182.253,True,CH6mqGI7EVfy,00
vLkl1IUF,76.171.23.214,False,fxaaN3pTO7OS,01
tjdJ2eX6,76.171.23.214,True,NYAfkskM9POp,10
Kjkqpxpa,75.65.123.73,True,oistsaXLhCQ2,11
4GQIkp6y,73.188.191.75,True,MQpXK7SIRzcQ,00
1uwbvWjD,173.68.8.16,False,a8KUDDmRnfXp,01
HHJKU6f1,173.68.8.16,True,6HVRQSeOoahY,10
Aruz4ozo,73.98.113.201,True,9BhzStUWbyZg,11
G4ShX4yK,172.56.7.98,True,AJbJC3WY3jgQ,00
PcRLpEqm,73.186.42.250,True,H3UZa8hbW2iY,01
dY60a3kQ,71.93.128.196,True,GTI5l7q12b1d,10
NLGJ8AjI,4.16.172.134,False,k8IqTxiDo8xE,11
vFzKQrTX,99.73.229.135,False,iqHiMkXkJjrE,00
3DBhYo0i,71.202.42.190,True,AVWDFGpkL3Ql,01
ev8MqrRw,104.4.233.225,True,YyecgR30SBbN,10
vM42YLen,12.111.233.100,True,PTnbdcQmOYFV,11
j6KWzfx5,73.112.83.213,True,xyD9Kz4tNPy0,00
LB81YcAy,68.114.105.189,True,UgmS9tw4Yjxh,01
GEHpfMWQ,73.31.120.88,True,Opefs8GJQFay,10
wPv0Cx0h,10.15.7.100,True,oNPNkHk5V1Qa,11
XUnRmag1,73.98.207.111,False,viZReU9Jjmz1,00
dYo3AoPQ,73.12.210.136,False,xLkaTRVuGL7b,01
pfqDhcGT,71.236.183.35,True,me2LvarCxXov,10
C9v8a5Xc,73.184.165.107,True,kkjK8qZPA9Of,11
qPLeQ3lG,96.246.245.212,True,bWcHo0ElsSmq,00
CeziIYP1,104.34.83.206,True,aHU8G4xFph2L,01
bUe03xSu,50.96.210.184,True,PYpgNsaseUOb,10
pSzkP7Rc,23.125.192.243,True,kinZnRX0gk7k,11
XombN4kI,216.170.66.18,True,sEHqAK6YzG4F,00
N1jEM25A,139.55.180.204,True,PZOaSfAyL9nj,01
AdG5aNnl,52.35.176.206,False,kF4pC7CIlJDu,10
LRSt4PSD,98.252.180.131,True,9tkJVVdJeB8M,11
9p1woG6s,73.171.223.52,True,vymm6OirJTq8,00
nka4sosJ,75.41.110.48,True,7jd6Qh5G6Bix,01
Zbt3lyLO,96.235.33.175,True,dwE1KUtxYcIc,10
h4uzDnHJ,67.246.89.139,True,lYaZ62bSvIVl,11
tfLyyZpJ,184.220.168.201,True,h4KDbxse4pIh,00
mTZYKjl7,98.214.237.154,True,mevqwvNDMpSI,01
ZBBVuHkb,67.11.212.123,True,l0AbR0PToEpr,10
JmVOknsG,73.27.179.20,True,CUTGQC9NvRrM,11
UDhxkXuE,67.240.49.97,True,4avejhVuiCLK,00
LmKpAMGr,97.84.67.120,True,nGkOyCHHNJ0X,01
55Z8S4YV,24.252.16.23,True,Se2uZ6bB7cjP,10
MlSsOJtz,54.85.182.120,False,o8nXX8DDaMmz,11
iLU16cKv,54.85.182.120,False,AsMY5SrjAOzd,00
W8jT7Occ,153.200.189.118,True,RTMyn8LaLSco,01
nx3N4z0A,107.207.50.244,False,TXZvXHhH0stC,10
1FmV9Lau,107.207.50.244,False,uqq2NG68mjBF,11
BnXa5MNv,107.207.50.244,True,LyFFZXHEPBVR,00
X8yvjTRW,24.47.101.45,False,6sx1A0ARDYI6,01
rm9byLtI,76.25.129.168,True,vB1HfQqYVGlH,10
XtLsqnMa,67.235.12.181,True,x0JtvVsZVpdf,11
6xbVqL1v,98.5.61.211,True,ZWI4vc5TjFjx,00
KKDeipHD,100.0.38.99,True,9yDdSZPfLdGy,01
zFUHt3cu,173.88.8.208,False,J6IfuYU2aN5u,10
G1CZH3MS,98.122.84.61,False,gxuKY2THHciT,11
pAaVOg7O,24.177.75.246,True,dUTIqv4K3GVC,00
xdF6XrOi,173.189.52.175,True,WXlIzPRHUc6r,01
EM8CPyHO,99.58.42.214,False,3qio5meFcRrZ,10
oXkFNlbK,45.26.124.21,False,60h10P6Qn7jo,11
397fmKyQ,74.130.228.211,True,TwWLWT82cUK9,00
FP0P5kFN,173.30.76.170,True,xrNTYC2zBTQN,01
npbHqSes,66.190.166.43,True,tKSz9g8iEhhT,10
Envie3Q5,107.185.218.19,True,pQJYRz8gM79D,11
oWnNkJ0b,67.188.157.15,True,DcNBbWsMgs3f,00
zoXYYzH1,68.59.99.93,True,CxvlNX8v3DYI,01
gwbPxaYg,75.91.167.92,True,VTzKnFz2aTox,10
BZPZ1hs5,72.90.150.128,True,V2EUpv9I1MQG,11
aTaDKnLu,68.255.255.224,False,VqC5fuQDIlQ4,00
MT32ByUa,98.212.80.5,True,kskY19PDH9qG,01
34Kv8l4T,174.23.81.8,True,oKgSRrVJNFSc,10
lRHP3wL9,174.28.168.242,True,NzLYJDARmRqr,11
ys0Yg6Hf,71.80.135.243,True,vPsdKmZnj0Pu,00
FB2NrEDl,70.122.201.27,True,YooSUpYHqO3q,01
4GAdMRQO,108.236.124.196,True,FMbjOEQNePoL,10
iwuwbMMM,99.203.0.96,True,w8QTzce2SMon,11
yeTUbhUe,54.85.182.120,False,5OhmPGxX6E9k,00
Flaa4VcU,173.80.29.112,False,kTEERLeUgl15,01
qpAeKviJ,2601:203:4200:2c4e:c60:6569:2d00:f033,False,DqrfLJVDt53B,10
pKvd0OF3,240.16.201.130,False,lx7kRpvUANIr,11
kewUxq33,173.63.214.7,False,yWom8RBaUShZ,00
bAtJF3gW,128.69.152.12,False,bkVJdbFtX9UD,01
HZlmB8Oo,99.2.142.11,False,AQTD73OrNz4R,10
uTgC31YW,71.175.35.193,True,SZ9JOgrmcdtc,11
VzH6UkYe,172.11.220.144,True,iggRxMsl4RCJ,00
Adb33LkG,72.201.98.101,True,igiNBganreq8,01
qUM4zCpt,104.174.223.0,False,ytxu9dOnT6iR,10
bDhVW0NR,65.131.99.93,True,yZs8IZyUzR8C,11
LWbYrfJ2,70.112.174.247,False,gybYDcDqkubW,00
7ITy40wr,71.223.4.90,True,ff411TZaqKoK,01
3ZLrsG7p,104.244.240.33,True,0nlB6foAJYvI,10
r9jwEEZt,50.80.49.83,True,yaK8b1DlPm4W,11
e9bnyHFd,76.115.49.208,False,Q8zculXGq9G7,00
hxP7e9HX,73.66.191.17,True,5SLW9VMTAeUq,01
ciVfzbNl,173.46.235.46,True,v3KuJJvz28pZ,10
2CDcdt8z,96.227.107.198,True,JjFg45eKxOIa,11
stxADmMw,67.234.16.26,True,NzSvxMc7rmZf,00
Q7GiyNee,173.44.49.91,True,IOpLA4kbXOxe,01
Y2Tzc1Vo,166.170.15.124,True,jiycFNFCP7cN,10
2MSjHcwk,67.197.160.18,True,opsl5GkWCMlI,11
QkZa9xRt,64.15.188.162,True,1rcEVKUq5xmL,00
kuTnpbH7,173.170.240.237,True,MN7oLiiNhKdM,01
wmNVGFAE,97.124.101.53,True,QWhkXIgfj4UQ,10
qIzM6Pgj,208.66.32.158,True,b94uOf58Hi4n,11
UkR3cIm9,73.1.76.197,False,eKXLuL0KWYu0,00
9DzWjTQS,12.12.130.164,True,Cy7vuuBXF5tu,01
NmxjIgQ0,75.98.102.162,True,o8CT3bESETcT,10
8BxX9l6C,2601:203:4200:2c4e:fc7a:2bfc:53ca:5a6e,False,SaPGxEJdmkXh,11
vdKmXE5s,66.66.153.4,True,a0IDICxVaqOb,00
noR3T3Nl,68.2.31.115,True,BilojyQaWjmd,01
xDA5gnTe,72.82.143.73,True,rLcsEU23p6gt,10
efxOmuxC,107.146.213.196,False,3YtHJA6fGTdQ,11
fhxKtQIm,67.246.89.139,False,LYlBjyR0u76V,00
5GjnBiVs,74.126.90.4,True,rXllhGofPnpK,01
0NLYZF0n,99.115.9.147,True,HlqRibbioOIH,10
IzQKU9N1,72.198.74.135,True,3Uk72tZwTF9x,11
u8aQyVby,98.250.0.192,True,pIaPYQl1BVVL,00
vmcOFrEG,50.112.194.65,False,Rgp8ZePVcaBh,01
2QjrWwjB,97.95.91.72,True,eJl5CHGoiv1I,10
5cqy30pF,69.193.145.190,True,hI0kppqQaBVw,11
Aq1TJvYB,198.36.61.108,True,QrjmaTsMst8U,00
g6St2cKD,64.253.11.97,True,1T3AkOq6y0qr,01
UgJZtB18,71.49.224.29,False,ZwnpKx5X1j9e,10
2mZrxSrd,47.152.251.26,False,Yab7QMi7uDzv,11
tVO66d5N,71.49.224.29,True,0b7SunqEbwEq,00
Y6Nn5LYM,70.126.244.90,True,9DE0B64YAPho,01
jf6T81Rn,71.40.187.162,True,8tCEJeDStnNU,10
WUw0mMBx,108.245.152.51,False,KgtdbRA8J7Zk,11
kRjIeeO7,108.48.147.136,True,BY4a5U3kkV49,00
0NFPmsuB,71.93.100.73,True,uz8Y1oWsiA2W,01
Ra0YS74s,70.176.66.119,False,EKQYJjiZIwk1,10
7rcw5cQc,70.176.66.119,True,oeU3jZnYIz6z,11
glaIa042,108.197.195.160,True,3LlLR4oVdBDY,00
5tSwAMj1,207.246.122.225,False,8c8zUT0zdNp8,01
CUzIrQ38,24.216.114.235,False,1YEIz1YmtRW8,10
LY3bQujO,99.63.224.224,True,J6Uqz1IvITFY,11
d2RVHXpe,100.4.188.154,False,cEgQ4ecJ81L1,00
xsfJ2UOp,24.216.114.235,True,hoqS2ekuOzvS,01
ztfpI2MS,73.87.217.74,False,vv95yyf1i7LF,10
adSFTRtl,64.183.114.58,True,zKt20SOpk4tP,11
YRyIkXV1,207.172.183.90,False,QYTPVJg26DSu,00
1IqvZ4Rl,47.32.117.111,True,pWgzvQ81BBNt,01
wfIx7kD2,76.245.15.246,False,FpZ89hsOaz53,10
zxNRaYAg,64.140.157.240,True,BnvNFB37DcDz,11
ZyKibQ9h,97.118.34.112,True,r4V9I7u9hDmC,00
HYrDarbF,174.55.223.239,True,RoSCbbhzA6Ar,01
AcaMMH4C,67.44.224.183,True,W7bG8WNINA42,10
zRDYCCM4,107.195.42.10,True,gtRMT0UsnHmZ,11
Uq0iWuXG,67.158.139.220,True,6M8OBiomT7Vu,00
yLw50GGk,104.238.46.209,False,BejI0HyTQGNz,01
Ee84WtZu,108.233.24.88,True,EYisn3z6gKQb,10
l4PlIuon,73.175.108.209,True,VhwqGyuJ0O5E,11
5513LB6H,73.221.14.154,False,kSircH7Sn3AR,00
5BjwkGn4,75.166.25.166,True,ms5Dd7WV5fwH,01
BOOspkLI,71.253.97.126,True,KaGkA85G4IcD,10
6NUc4CEX,66.250.143.159,True,sPJvjcB7eiCj,11
SlTUyEEy,75.141.186.21,True,1g0kUu84s4xd,00
P6bKk9Tu,98.239.45.6,False,fEkIBVZRXXES,01
VVWkw6CV,23.226.128.29,False,Y0N2tvnS8i9X,10
OBheMYL5,104.62.180.203,True,63UqBLw5YGY0,11
Bn9sutOY,98.103.138.10,True,EmERqObYK4Cr,00
rVbZNKq4,71.52.11.244,False,fRnuUwYKdHwz,01
fss3QLnJ,72.218.214.239,False,l2kBqjurJxjH,10
bC9HIkI4,71.224.29.219,True,I4z2d22pclqU,11
ATaM4ZwJ,54.85.182.120,False,BzU2hUhL4Ca2,00
XeyShT5K,66.250.143.159,False,LmFZ8vNvFhDR,01
f22DLcbn,108.194.200.239,True,7uZbzuyv58Sl,10
0m8auHg7,66.108.168.147,True,Ly5NKncywGqv,11
SKo2px6g,67.48.173.104,True,hj8M9uZawDy9,00
CfuBgqtq,71.63.204.163,True,xcnrgfnAea0N,01
hVf7a8CS,75.76.15.158,True,mzseMrupMWRQ,10
ExqBnie8,73.144.111.74,True,DutsbKD8Bg4c,11
uEW3FBbj,75.137.212.99,True,cSqPq0uKqkc0,00
rbWvJCjB,104.15.198.42,True,gF4hzNfyx0zL,01
dtU4LRpn,98.214.237.154,False,sVdjkOj8Qn1H,10
mGEe6xfW,204.210.152.107,True,U8IEQ7eVnNsj,11
TkhgK2H9,67.83.88.225,False,LFXeH1pmXdlc,00
5tEBzQrl,198.72.247.247,False,Pxhc9ufQxRhe,01
2sPMwuPD,174.67.247.38,True,3qrjHkQcPbTN,10
3T4yCkD6,73.155.72.4,True,pJ5lJIZbrLMZ,11
5UCub8fH,73.67.229.138,True,uqUoV6HojZdd,00
NP0FDLQk,75.137.212.99,False,VTVMPPcsDlB0,01
7kkKUrTn,174.67.247.38,False,J8w7VaeHIV4M,10
U2T8kAGQ,73.39.40.216,True,yj1D4byO4yBC,11
vbAt6Spr,107.195.14.24,True,Jsh3751CI5qU,00
nJNNyh7X,90.154.89.91,False,1xGhinWIUhff,01
HqqwGzA4,128.74.245.119,False,xcum7gfLkdIU,10
OyBwx1BK,176.14.192.60,False,oEPGrkvxWDdU,11
ZiG62tqT,208.80.194.30,True,7Z8WZXa0HU6z,00
A0qLKFDF,208.80.194.32,False,ZN2Kn7qaxcw3,01
qhuhL0RB,188.255.92.143,False,namwENJH2Sul,10
nNGYXBr1,169.236.78.23,False,XSgDsT88DINF,11
TTBvVyE8,169.236.78.23,False,uD1FleiJ7lky,00
hIk537nW,169.236.78.23,False,BqTWp7yOFzFK,01
D3DwShzI,169.236.78.23,False,WCQDoHkwVeyT,10
OxMFERL7,169.236.78.23,False,WGUGaw7fHBZA,11
9nUwU7sR,169.236.78.23,False,EMMaRWsQ4swi,00
zQ7Gv9d0,169.236.78.23,False,2MZPJaxZdC4i,01
yq4OwTKG,169.236.78.23,False,A31CyiNG2xrm,10
RHuAUmsM,169.236.78.23,False,aDlOxkjAwhuC,11
3iitZkFe,169.236.78.23,False,77BZ8pz0caTU,00
GBNXnkKw,169.236.78.23,False,DceyqQCAfoGi,01
Yj1dVsq9,169.236.78.23,False,azLf4y2TLIlk,10
eJAbHRPd,169.236.78.23,False,pbkI3aJj75xY,11
SSNKNOUa,169.236.78.23,False,GffRtHThelD6,00
ePx3SpL5,169.236.78.23,False,cR1qjJVEA8iH,01
iRkeHtNW,169.236.78.23,False,TP504ADAEzeF,10
i6ui5F0P,169.236.78.23,False,r0m1CQkNm9U3,11
6RaJYVrJ,169.236.78.23,False,2sY3dBjDszKs,00
drQo3V14,169.236.78.23,False,rW9llIwmWg49,01
tA1bUFAa,169.236.78.23,False,s0TKTApUpltd,10
xKWRSx3O,169.236.78.23,False,iP9joiqhP1H0,11
vdgvcGgA,169.236.78.23,False,igYZKzMbqQVu,00
0hD1qgLf,169.236.78.23,False,WnzOOj5VIjIX,01
I0KXBTVS,169.236.78.23,False,vPOsP3IFglNY,10
EaqCEAvu,73.90.54.71,False,A0xhs41d9ela,11
uWtIS6ci,73.90.54.71,False,zbBDAgrsVVjv,00
Kx1Xv3w0,73.90.207.86,False,WzI2QSgcFZR4,01
oSRJfURk,73.90.207.86,False,mzNQahXR3lVo,10
M2yoawQx,73.90.207.86,False,1nrrAi89gPXL,11
ajRE59DR,73.90.207.86,False,y56EjmqJ6UBC,00
PiCSlwBB,73.90.207.86,False,tUUSuol3PrtD,01
j8d8XwCq,73.90.207.86,False,hHpRZ2Enupfo,10
SWRQuORa,73.90.207.86,False,endydVCW8J9g,11
iHrkce0o,99.124.158.62,False,QoTbRDTlSG6S,00
bMElSH2y,99.124.158.62,False,OOZiaTiPUGAI,01
5gurijMD,99.124.158.62,False,QIgvgP5BZ1IK,10
nIeHlyKp,73.90.207.86,False,hJkBsOcvMAJ2,11
qHEk53Vu,73.90.207.86,False,aQIo45l846Lg,00
cIadFWVU,73.90.207.86,False,4rVawRYRgXXI,01
MKOOuipS,73.90.207.86,False,sKdtHhX4Qfus,10
PNbczTOR,73.90.207.86,False,ti2UVQ3ZUlKE,11
ctUPnV5n,73.90.207.86,False,N6MIaDhhzCsT,00
0046Cc3s,99.124.158.62,False,xgkvq5iHodZM,01
am8fwwaX,99.124.158.62,False,7V7VGiWjifDV,10
zVT8wiPV,99.124.158.62,False,vlwaaxtDLkc8,11
9UzFN87W,99.124.158.62,False,WZZqLuOBNxPG,00
yqvUDgaM,99.124.158.62,False,KIAWgTpNBmt8,01
r1o0i7ZR,99.124.158.62,False,3NHZqHqD5s8Y,10
EoC2ABux,99.124.158.62,False,yKUdZexSWrVD,11
lqDOR3o5,99.124.158.62,False,BbSjT9NZf3FI,00
JUgSHUKj,99.124.158.62,False,yQCDi1J93DIY,01
kUySTCQf,99.124.158.62,False,Ugj7J3etXuaR,10
cmwcml1e,99.124.158.62,False,VbKaWAUKtzCw,11
lT0SeWH4,99.124.158.62,False,2nMX1asvqSgh,00
6IRol4ei,99.124.158.62,False,9ylH0OT9m6HP,01
gfyAjVXE,99.124.158.62,False,VcHI5QGRAE1c,10
XJFTPl2q,99.124.158.62,False,ljwxlyECGy0h,11
J1bgR9rs,99.124.158.62,False,ThEUbFHGWoVA,00
0lqTCoUI,99.124.158.62,False,yAONm8utm2YN,01
lv8U4jgt,99.124.158.62,False,Q0m29BqC7Ac9,10
CNGLzGJK,99.124.158.62,False,RNtCrvSXk9lq,11
mohhdwG8,99.124.158.62,False,PaERsLCw72qv,00
YEZUCLSo,99.124.158.62,False,8b9KBPddBOL5,01
bHT7U6hj,99.124.158.62,False,kGurstEX99y9,10
gRhLAlhH,99.124.158.62,False,L2lyI5X5Y9Fk,11
wZgJykK2,99.124.158.62,False,UKoCb3xh4H3v,00
R5DBgB6Q,99.124.158.62,False,zJyo18fNBBaD,01
z9PsG4IN,99.124.158.62,False,uO74eWz1RAjr,10
XiZaDqDP,99.124.158.62,False,DXVDAXKqchOs,11
eMD5T839,99.124.158.62,False,OadzRWFJLQhE,00
FwqWBwIK,99.124.158.62,False,bZt7KvimhfoD,01
wGYcQ7dk,99.124.158.62,False,j8Ukp8aPjQBS,10
ptO49AHH,99.124.158.62,False,CXRp6WADErwo,11
oUtic5bB,99.124.158.62,False,1xsPEtlt9js7,00
SBKh5DiK,99.124.158.62,False,SilspztIoMov,01
f4rrPitE,99.124.158.62,False,kwcDF0kJgBN7,10
F9qdwv5w,99.124.158.62,False,8twphQLnh0D8,11
C5EDSUIf,169.236.78.23,False,PRlbodqEzpUU,00
E3Xv9TkM,169.236.78.23,False,brWtry2stbhL,01
J2bjTcQ2,169.236.78.23,False,3ZDOwgC4hY0A,10
C2jIhzNu,169.236.78.23,False,PUt3ZYfTZsEj,11
f2yN2Rza,169.236.78.23,False,PNVqfSVTIsJ9,00
rgc2aeFE,169.236.78.23,False,ytNGt60w60aL,01
I9KXBXic,169.236.78.23,False,aueav04htL6z,10
ZkW6eWLI,169.236.78.23,False,FyOMiM49baIN,11
PsBvDUc8,71.195.167.41,False,ok0f24iH83br,00
XZDbXR98,71.195.167.41,False,msZKSim0yBWg,01
utugf3qk,71.195.167.41,False,I3cf0iOBCA2e,10
2zlVt8by,71.195.167.41,False,HhsIDu4AiGF5,11
mZPDQv42,71.195.167.41,False,wxGJZ5PR5fER,00
MsztTtdO,71.195.167.41,False,MRHi6xfThLEF,01
Ooqvq60L,71.195.167.41,False,pEqCHSMoTigt,10
TiGLYDrV,71.195.167.41,False,3QH0zalQU8u1,11
xquIHgqj,71.195.167.41,False,BtgJeJ1vhvB8,00
1Ps65XRK,71.195.167.41,False,cI1YbTK3H5g6,01
epCDyX13,71.195.167.41,False,7D74oyLvGU8V,10
5q6JJgnc,71.195.167.41,False,Nxpw7UqF1tE4,11
v6FToivB,71.195.167.41,False,Zqshob9UYZRi,00
Kc6p6fDY,71.195.167.41,False,CAaAykZ7GjMb,01
KzXKncex,71.195.167.41,False,7NmSw3DO2Qe0,10
CCK059q7,71.195.167.41,False,NAbKOa1BwgNy,11
jbqGAmo1,71.195.167.41,False,XI4LBo8vNynT,00
vml9QO2T,71.195.167.41,False,R2XqZX5QjZtD,01
YOjcu50v,71.195.167.41,False,zPFOttv9CWST,10
cw2W1A8r,71.195.167.41,False,TjfpdtqQ9za1,11
TEXDK3Rd,169.236.78.23,True,oXGLxLYAF1FT,00
4kMLlE3E,169.236.78.23,True,2oXi1REA1Tur,01
ndfGxG5W,72.182.160.80,True,MncVBoqJd0PF,10
8E0Hlab1,47.135.248.41,True,i9OGZaUFkll8,11
eNULtPHk,71.67.137.98,False,cIWmmnvoPzdJ,00
BEJPTkPw,122.164.108.140,True,OeP9NCLNB7Ut,01
ip2tABYQ,172.8.141.61,True,6xjWRNn6ohhk,10
i4HggNI4,74.250.171.96,True,QCXBwyoBELLg,11
ZZ0lq2GU,59.97.52.13,True,QxvDbpbu6zQH,00
J9S0R0z8,68.11.199.49,True,jIxCQ7rKsoHE,01
qyxX4Dpq,71.84.129.96,True,OPzfsbsYPplJ,10
ZLGuoM9N,68.38.252.200,True,hqKv3QlDJWFv,11
H8O4LNrI,50.29.234.150,False,LvrFY0i8nR8b,00
5dWpF8xF,76.29.109.131,True,OggGYhNYHkN1,01
hTH3ay66,99.28.181.205,False,KmItkCALeIxB,10
510dPIBs,173.239.228.45,True,4bteqnr2pwGW,11
9Aj6PvQ9,67.140.12.123,True,0EYp0RLHUC0m,00
ZlOh1juy,70.181.35.44,True,sAO4oNumlhJU,01
abYZ0tzm,67.247.209.64,False,qs5TRdO6poH1,10
ENryupZC,105.160.104.94,True,T83xIgLh4X1V,11
vvfjO37l,73.164.126.75,True,ov7a7CHZPVK1,00
YZdaWveg,219.249.34.37,True,FIjhJbpUMswM,01
X9Bk5ctb,166.137.118.59,False,Xcrcyci1vegk,10
D8tC1qjN,23.254.167.136,False,AKxE4c8ZwXz0,11
1kKYzydd,118.172.122.217,True,6oLz0MmSKKrY,00
SkBgqakd,107.77.173.2,False,4wuKP1bkR4Ng,01
vZMVquBn,104.244.146.67,True,jnjr22R2uME3,10
V8tTyZxn,98.65.174.135,True,Ig2DIIC79hpQ,11
zDSQLnB2,71.220.32.143,True,pilOAHdR5RNL,00
Asmz4h8r,184.0.132.168,True,i0PLn8rZVCzP,01
B8LFA9OI,72.65.245.134,True,wDmgoD5xcTGt,10
4nSD3SaL,98.5.176.213,True,1zkxzMsCYB4i,11
Vb2oXy3B,97.80.144.250,True,XSGzQHsPTZYc,00
c3GMQWiM,24.91.53.217,True,sPD3kAkAiIFa,01
abr1tj8D,8.28.16.254,False,0heZNHNDql7I,10
TSKMopTM,155.64.38.80,False,jpxMVg657F5G,11
hsAZiOuE,64.130.150.36,True,kJQsYaleEyUB,00
P4GuzXRW,174.60.171.175,True,9oKH1M8pdGpQ,01
lhG19o0g,207.179.230.161,True,ZvLl30VHwpBe,10
A3q1ogQw,138.128.243.238,False,qz8R5AR8MgTy,11
pgjRQ9yS,75.131.228.197,True,MJ0T6ohwj4WN,00
Jz8ERFCS,74.98.211.120,True,srBIfRfoAyPM,01
qFkWjd05,24.46.117.154,False,B16xABYlxSEn,10
HGmMhsjc,67.44.176.169,True,NXTmWcgRQFwj,11
V4ZHjB09,162.230.205.119,False,dSLTYybD7WbG,00
xdQ7qZYn,24.20.124.0,True,Wv2eCYP9kXIc,01
g08uI6U2,74.130.0.138,True,gPtTh57ZzbjV,10
NvplpL2o,38.130.207.83,True,5oNG5DJXPHpT,11
6AMhrTON,76.245.15.246,False,9WS0AGA9tNH2,00
kHPnivQD,66.191.225.6,False,raVHq7EAGmL7,01
sg8EWwFU,138.128.243.238,True,B7amq4e5i1x4,10
x0hfxPfy,90.112.67.178,True,JuWr8pGrTZPF,11
BI4E7nY4,188.163.103.16,False,llgJ8dVYoSvx,00
EuRYC93N,117.207.106.217,False,i0BziEoViuv8,01
0DIirg0t,69.204.67.209,False,hhP4puWPbjA9,10
izsTdO3t,107.182.230.241,True,Shj8CYZOaZi5,11
TfjjqdzW,76.118.243.183,True,KTrEk9WhAor8,00
GOKo679O,142.129.32.20,True,jzw5jl2uVoSF,01
QeWJ4k6Y,107.77.173.2,True,3K7PYT8w1bTO,10
Rrrsnkrb,99.57.85.136,True,kZTirP07hOxc,11
0bwUgfYJ,70.35.177.160,False,AKRjQVYubJh4,00
nOaTrMyn,71.112.132.248,True,0GK6H3XYj7kK,01
Ixyx6aWZ,99.28.181.205,True,98xi2QCkJ4Zl,10
KvpkebfD,98.228.159.68,True,vdMMHlX67Z51,11
dSq0vde4,128.220.160.15,True,lDNId12Ml6Bc,00
Y22LyxDw,108.30.224.244,False,f2hxXr4Oyuqe,01
pgUrVqil,72.79.145.92,True,SFRVvKYLgNzj,10
ERN4mi9S,72.216.121.90,True,Jp7eZl0qI62O,11
tbnrXFOR,96.36.9.9,False,Phiq8mzPhMzN,00
qAEgjl9f,73.253.138.57,False,KF1eVoOrP3FC,01
V1GybMvC,75.133.133.32,True,oCAHx7Vgfj9E,10
n77qGS6o,65.33.237.11,True,4AJvB8QN3I98,11
HRdQL4cg,199.193.146.82,True,FkK2LqyF5Ara,00
WRYtEl1k,173.72.41.180,True,l8b5BPVFVS6q,01
q1eUQuLZ,184.54.197.103,True,XuzxceFpE42x,10
7TXbUU5R,208.46.106.5,True,mR8iKTLhIBEJ,11
Wywnql6g,173.26.103.49,True,KWdiYCIeZFHs,00
q6iB8RXY,138.162.0.42,False,nOqe0vR3hs16,01
KwSLJf0I,205.161.26.76,True,1aQq25ey7JkK,10
oXn7Rwhd,24.55.121.187,True,fiEAhyfE9slu,11
ii7blseT,108.245.152.51,False,yqf1VgDi2PbQ,00
RWMdUnq0,99.203.21.83,False,kUPmHk1q9dfJ,01
7Rhc7Cgm,96.249.7.224,True,oW6mdzuSO9Ju,10
sLWOziKw,99.203.21.83,False,zy561ycijVnt,11
Oa7Fpihn,73.215.77.34,True,Aoto86M8qB05,00
bTwI3grZ,98.10.194.122,False,o8DhlMJCqIZd,01
WW1NJuoJ,70.168.7.137,False,8YEH4IycbLdy,10
8OGlbCNl,107.141.202.118,True,aevPET2JssIZ,11
LnSMHyQn,98.111.125.194,True,b25iL88wsqme,00
AQqY6aGM,98.10.194.122,True,dwDuMpBtWB0q,01
xIwshJz4,50.107.73.163,True,81Hm6lctyTUf,10
y0zQRF08,188.163.103.16,True,ZoeVlkco99f0,11
dfsfJsdg,100.38.158.189,False,oPp6fIVsQufq,00
FFY00xe8,68.37.211.184,False,DUwMVl5o091J,01
Q4ngUKeu,104.186.234.163,False,mhzc0Etq1una,10
FnbwLvQj,97.122.201.111,True,IT5lSluIujZW,11
GQhiTt9x,75.72.156.68,True,zMBpOLTbEXq2,00
RNOMxTvS,96.35.98.152,True,mnQA8GQY8gdZ,01
74eu2EVW,141.126.203.27,True,Rn9D1vM4VmnM,10
irUhmPtd,108.226.66.146,True,J2LbximfEXMo,11
VK2TjWrO,89.134.212.152,True,vsyJFwhcVtd2,00
9A7vKAJW,99.100.237.177,True,RYYumIs6Fk8I,01
Hr4Wb9S0,80.90.86.35,True,giwzzF2LRFiS,10
LEHen5LZ,107.77.68.77,True,tOHnoQySkqnN,11
hIYTLE9o,47.198.31.246,True,a3jHHJWTdpmQ,00
1Jj73gEY,47.134.148.164,True,pn8xLBkBdKoI,01
3YZnwkyF,75.97.41.155,False,WsDqW1eRYb3r,10
fK9SVgou,74.177.188.45,True,lwwUVJCaLUXM,11
PTPd4I7t,97.123.110.179,False,86w2ryIgPw8U,00
n60cqAHi,74.196.54.63,False,T7C71ztqb8rW,01
ebcVZL70,45.37.38.82,True,AJIkji2BakDx,10
97WCGFfn,68.37.211.184,False,YSyuvhixRLh5,11
G9WJgQx7,50.27.16.25,True,ewavo0wQ2OlK,00
LyMS4aGH,70.114.173.183,True,fNiWDfrETjel,01
JK2Mhfqt,73.216.246.128,True,sdJDiakWMM2z,10
o79JukPS,98.193.43.83,True,hrJjj05ll0wk,11
SpfkSzDK,71.192.181.121,False,svmSPdD1w1Cw,00
tqxpxgme,74.74.64.90,True,iA3ADa86icDV,01
Xpm9KcIJ,162.238.212.38,True,KEYAxwFJmCAk,10
OL2kySeo,71.204.253.18,True,6I16GdjwVrQR,11
SUcGe7W5,140.32.40.158,True,8aJs8b3I5k3v,00
i3nRDGPK,24.247.125.85,True,tzWV0PgwVXzH,01
8OcGDgrC,76.104.109.180,True,pZo8XVoFI6gS,10
DAqq4q5r,24.26.17.205,False,2IHgWK8fza14,11
mzqOXPr0,68.44.93.239,False,yyIz34EbVQe5,00
mhizh4NT,71.192.181.121,False,1BqdjtPBDDRe,01
7zO5j5F8,174.55.181.51,True,hRfvM7wrl0Cr,10
gD83uv5r,24.46.117.154,False,hFTC7mx02Hld,11
4oYSiWVC,24.47.187.250,True,VKC8SLPLz1Tg,00
nDxi8oCY,24.168.200.11,True,jcXnyOWJ88md,01
kKvahb62,174.227.10.87,False,k2RV9jAXSQLn,10
WeAqnZyg,75.167.212.249,True,nyKh48JWSvsz,11
cSWGNIai,73.40.21.219,True,r9OuiTj4e0Mf,00
mNzdaYeJ,76.127.154.48,True,O8Q5oWVNTgvV,01
VHxaaTjs,80.103.136.243,True,wzwKC66Y98lv,10
JELlTmOO,77.242.52.160,True,T60g0uNnFIsF,11
7OfFhXJB,99.59.45.77,True,oyoXrp53dBHI,00
xG5dTh7k,68.33.30.98,True,ImwOBJ2wgvzr,01
54Gj62PN,137.118.180.156,False,kickRmqHtn9O,10
gcqUafCP,67.247.209.64,True,wqDfr8SuLX32,11
CIxwgvfq,108.28.99.133,True,mXFEYWE24Fc2,00
We1CXTXg,69.251.36.56,True,Br5tq8OHGjZq,01
gdqzzMrV,96.241.163.153,True,oOsUyV3mWcSJ,10
0HTsvfjt,172.113.23.6,False,T5zyOr8sFMrs,11
GsCjUtAv,184.156.203.62,False,CvgCVq56EtXz,00
feKqfuz6,73.194.153.219,True,X23DrHMSjHCO,01
5DONFEsW,142.196.129.55,True,K1v0zyHLeCrY,10
NEraj0hi,223.181.196.229,True,LBmima1WEVIY,11
U5MXAd26,72.84.245.183,False,Rxe7sQFfvaB6,00
zrvHDfUM,69.15.115.81,True,XgzAsyrLUpL6,01
Ko18xmzD,68.70.176.230,True,Qx5qGO04LwAF,10
UEj7mzdJ,75.135.111.17,True,SfnB0m5ykhuI,11
gIPBDH09,208.71.76.97,False,A1VgjCeQi14s,00
kNeiZfak,137.118.180.156,True,GRmPN9gC32av,01
MPWjr6pq,76.122.94.104,False,MAV5eD8N8fxI,10
QFdP1qxJ,64.203.209.70,True,tgJlv1YLEGhi,11
DaGc7qai,71.12.124.241,False,usfvuclhbXGk,00
rd9sH5EW,150.70.188.175,False,suYkOg9PfrG8,01
wpoBCOLJ,24.60.247.22,False,JTCH9bjbbuGE,10
696omtq6,72.82.26.154,True,gJiPLr4k75DY,11
paHfKWLO,69.14.241.18,False,D5xlUXYly7xi,00
EIkPIqC1,73.119.239.216,False,3omKyRTsBsva,01
zDXkmBRe,173.20.13.164,True,zjtqeiTO8gzQ,10
KymNPzpQ,67.128.76.210,False,QOia2pF2aJeD,11
i8sWHP6F,190.75.163.219,True,E1Ac9YQQ2eiW,00
fAhlBhsk,173.239.199.113,True,WwZsrTjwZIFg,01
Ib904OUE,75.168.94.81,True,KFWd8adh0GE4,10
czvgPMFf,107.221.194.72,False,ThwWx8aVZjBB,11
qGibSuuS,145.132.213.118,True,2B85gLymlVGm,00
1oCcjUJF,67.128.76.210,True,LRB9G11tFQGC,01
W6bddzig,72.66.29.145,False,Svrodwr0WS2l,10
Z0k5zxyg,208.107.138.33,True,vFTmnaFYpuO7,11
Jwc4yTjV,104.34.45.217,False,X6rceP3ZJjBH,00
uatRJLc7,104.34.45.217,False,Ya4XtgBRcN6o,01
UEIE2z0f,71.60.142.209,True,qE4DY4nzt9Lj,10
4WWz6IQr,107.172.1.227,True,DXVPxC6WJmvV,11
xK2aaUpk,73.119.239.216,False,t00xQYH3IjJK,00
bECTaL3A,68.227.105.29,True,ou7iU3trmJAN,01
og9dXHrD,68.58.74.108,True,JwJeQGdkd3SC,10
wQn624FC,207.172.183.90,True,46S1Zl5KLu2E,11
NpOgRQZB,99.170.114.182,True,GmCuiTNUm0Tl,00
w1HTCLi2,118.107.222.109,False,4v2RFvd8jzOV,01
ij1wsONr,73.177.6.10,True,izyK5aHMSbE0,10
kdIOYI9R,65.35.142.66,True,FvCb3sgtVv8l,11
E9iXtPMY,68.61.15.115,False,fhF4T1JASQGX,00
1UayzIMZ,69.54.49.121,False,bk8cGXg57VlB,01
BIQI3HQW,172.58.201.150,False,HaPqWE9uxEXC,10
fFPT0Rha,173.21.100.103,True,k66LSyVEskbm,11
kJ55wAyh,68.68.182.218,False,yllIlHNi8JwW,00
jrqgKBgi,192.52.109.131,False,2kNf44mwaJhd,01
OxqyhduB,199.86.18.171,False,8NXlCdjJhAH6,10
OFbLCbtC,153.33.19.47,True,eatVJsLFBuSE,11
2f7NCTTG,10.11.2.173,False,qRGxAwwyhMju,00
WaVqJWND,174.200.24.59,False,mfv720Pj2D4l,01
xzPl9Gbt,71.94.231.122,False,r3IJ378fOgiS,10
M2rZV8no,108.95.106.121,True,Od4woySOMjIr,11
OqCu0hiH,162.251.221.196,False,9V22HTa57CCu,00
NmBKXAtg,68.35.27.130,True,DI0S4zP9WY3e,01
XwLKH4ud,71.182.138.68,True,84g3wAj2V3bd,10
VhrSgoZk,200.102.49.171,True,iHGdLHsoFDVX,11
dXPkTX2K,98.18.173.194,True,vIaf5tUMxvTO,00
kY7R8bsG,71.209.131.219,False,pd3eIahOIWwE,01
WoeGcsWI,199.86.18.171,True,oU6vCpWUkNY2,10
xdLTWmRg,97.104.210.56,True,QvsvrPjUHYJx,11
MizXyYRy,173.68.21.31,True,ZOKcAEnqoEvy,00
lFVzLv3O,69.54.49.121,False,5f6KOz2wPuKG,01
m7A6SGuT,162.1.129.65,False,Awo20cfc79ZW,10
O1DlU62G,24.113.54.27,True,oDUb7UiKYGMK,11
NfNix6Vr,108.22.205.242,False,KsbAYjSnkFDQ,00
xDJkZXw8,72.94.223.9,False,dcz9ecaQCter,01
sAolPrcl,70.189.219.67,True,HfpfHG3DUcyQ,10
vSPeSAvh,50.78.130.41,True,a3IKKWoC1NGf,11
OVRyKCw9,45.47.32.189,False,rpd5VDLsefK4,00
HjbSPpfu,45.47.32.189,True,L2xZLf2KF4Y8,01
bDs05ZWF,173.91.65.94,False,RSyrN03Zu7T4,10
YGaqMlL4,75.147.69.30,False,ueTY3x9iUrvJ,11
sE7OLAx3,174.63.83.0,True,jOrvdCrPDggR,00
D5g0wjHA,166.137.248.54,False,LnWsYMf85MEH,01
jd7hm6hP,73.247.192.128,False,RapTRKHqfyMg,10
UqMppcaB,68.204.0.54,True,xBALkfuc9rD5,11
SFjjkTm1,98.118.61.152,False,p8WR9HYLf4mF,00
NqGHNqI9,54.85.182.120,False,bWwnRpW4Ior6,01
diQ2b66K,96.36.47.46,False,pJZoWHxAWLCy,10
jnhGJB8I,107.12.142.48,True,qsuBSrD7QcBS,11
llQYZuZ3,67.184.88.24,False,jaKu1Y65tU4L,00
cU4Jyu1r,68.32.199.70,True,2LgVoB4WIOnh,01
dP7Zmsuf,72.94.223.9,True,fabiXLgwhTrt,10
LYBouNck,107.77.64.127,False,xwyrtJr1WUE9,11
eKSfFoA3,73.65.97.214,True,ffeRZzkpCRmo,00
jfQONmJJ,75.170.62.192,False,uIzKPZACaolX,01
8rrvFgg2,98.239.45.6,False,MbzsHzrSv94l,10
nxJVyVLL,73.31.227.120,True,qZioAiOofbur,11
6Q0I6bmA,76.98.73.254,True,0rzDRHiT6RT0,00
FPRRZt5d,72.211.156.122,True,I3eeUuKh0o6F,01
njkzlktg,73.17.86.92,True,IiJ0aC1APHuB,10
gtVu66rx,174.58.168.139,True,5RLUS2sEe3Ka,11
RC6wAd7J,173.239.228.45,False,4r1eabRVD7qv,00
WLyZAhCU,24.158.165.151,True,l5H7w6kmxTe7,01
WJBNfyJ4,98.223.123.7,True,6MibRL3TZds7,10
6MRwJkcu,24.46.117.154,False,JAnd3aRIwF1s,11
JN8Bqfyi,24.46.117.154,False,kpDgUeVAuhN7,00
dGfKMXnc,66.171.38.108,True,Q2AZQrru9x1W,01
5gk3cYKO,71.112.130.56,True,FaFYugZjxeXY,10
2lKqRLx7,68.224.162.219,True,hlhnTqOgyicQ,11
HHsqeJol,141.214.17.242,True,yR13MHEa7WXY,00
BdgqAp8x,75.90.68.71,True,XyEFR1keSF15,01
vcBcP6pa,98.214.56.251,False,evQh8cj4FliO,10
uXVrHSzc,108.87.124.111,True,Gwv4bwXCvy8Z,11
QEhlBDIi,67.11.103.81,False,5UN9vBojGSS7,00
ExCjfAAM,50.203.97.114,False,xdlmSNN0RQI3,01
QK4eKkkN,98.22.135.34,True,El7fcI7idyN6,10
TCSmirou,67.11.103.81,True,gQm4o29uPx8Y,11
RDq7E1eZ,174.197.5.70,True,8Pn48QjLqfrk,00
6NezIBZ1,98.235.130.169,False,kZI0zMP6cukE,01
B1YGebaU,172.113.23.6,True,x6Aujz6Brf0F,10
9fjeBNqn,73.189.147.24,True,szVMsf86FMHn,11
ipvuHODx,65.191.221.152,False,via8xO6gZcQv,00
VwL27vY9,170.185.129.17,False,m4agsDmFdqHv,01
FsAaersA,104.185.40.159,True,G48lZQIKoi6c,10
fgv5J5CO,24.118.182.202,True,akgnaxCleiWJ,11
Kw8cuG85,50.127.217.208,True,rxz8CopOqIDL,00
dm57He72,68.170.242.87,True,cqQd2gU6wym5,01
N2JxdALM,173.239.226.66,False,SGHuVg7IBRfg,10
WHnQTvt9,75.118.131.216,False,G30QrOORCRYJ,11
CLdEfeR5,104.128.209.1,True,azk13XDI60hy,00
1BUwZGOE,107.196.19.9,False,CHKP9mpBmvvC,01
UYU7tFMS,47.144.231.203,True,goniUfVdrmhx,10
Y1fQ6835,75.133.60.118,False,IqlyxAYZKJ15,11
lUku5jzC,209.156.113.194,False,wRO3w8YAuFTe,00
3L90G86S,75.118.131.216,True,WhIqofCYdJkQ,01
wUpFkGQH,209.156.113.194,False,prVynxsMM0Jf,10
6J0KQT6r,68.44.129.34,True,wHmWq7xZnIkL,11
OCzBgv6q,8.41.22.56,True,krMnztnyODP1,00
0BmDqSpR,104.137.42.140,True,x4rWHmHz6jCx,01
b2Qr15RK,24.144.140.78,True,C8M7KxftyHtu,10
pq4WOefA,174.229.7.73,False,OAsiKPAYC9Wp,11
A1LnbCkh,75.133.60.118,False,UPxjRiJIHf4L,00
dg8bvoC9,174.229.7.73,False,H84Tp1xUZNBL,01
WseStNXG,170.185.129.17,False,dU5AtdJ7QrMl,10
W0Iln2EX,73.182.224.118,False,a7Bow3I54riV,11
E6ZsDWN9,159.39.77.187,False,MurnTJG7mdbD,00
wlR9t4f7,174.27.126.130,False,vjVpY1OBOdMI,01
r1kMrwPk,10.17.235.147,False,w574Yn4pCo3o,10
vHlItNTi,96.69.151.57,True,6xKHtIQZiPPl,11
ccVhgUch,173.52.85.215,True,KO9QCSI9x1Da,00
CVZmFNbn,69.23.208.43,True,XlQJotkbhuT9,01
srRX2ocH,69.47.37.88,True,FTI8WkPJSmQC,10
8ubI9qrr,216.221.240.130,False,42pVdTWDyITl,11
HmQEgQo8,74.250.171.96,False,h1stMuLPNJSM,00
nDIT7ACb,184.0.221.76,True,fXHzL4f7rH4P,01
C6lYCdi2,24.130.52.66,False,6Rwi5pwWr34x,10
zw9K3o8Y,98.168.139.119,False,5A9P4pAntmrr,11
q9U1uwdU,216.221.240.130,True,qLGExSJfd10n,00
XVmX6cW3,98.168.139.119,False,DACOtuQr7svS,01
bJ6LZ5tD,97.97.131.200,False,Uc6rlm4nkG5M,10
kWKWRWXy,65.60.89.50,True,YyplTgPKUr1v,11
yORcqUgH,97.97.131.200,False,p8RFQGz6RDc7,00
VcndwFXi,12.26.188.217,True,ley4e5pcywz0,01
BcsOACpd,147.70.17.112,True,vO4QvHIfshnn,10
tshAQZns,71.86.170.186,True,RPIx87lP5ly1,11
uiMzBmFe,73.237.88.24,True,C6px6rJEYjxx,00
zV0OKmDP,96.250.62.179,True,vUYfjT2kR9tI,01
eMxY4yA0,72.200.199.245,True,dILh69RUorbv,10
ZtvB6Z3C,76.179.173.30,True,kTGJqanh0ANO,11
xgn0l17T,131.94.186.20,True,MzP0n7VP10Od,00
2L4DeqsU,24.160.70.38,True,h18o1CzVLHfS,01
a6PXPcgo,67.249.176.44,True,Gvp60ccvvxDR,10
H1HmaAh5,50.82.138.138,False,GXuDdR3dxUML,11
ABWJM1oA,12.96.20.18,True,XNLApLeOukoB,00
9H57aNPF,76.27.28.176,True,NgTk9PJFv1gM,01
dcvCt25L,107.209.105.137,False,0pBluj495a2o,10
jGAxSqOe,172.220.228.23,True,2GNmZnC4d7zM,11
PfHpl5y6,174.52.66.151,True,nmyqa4PwRuqv,00
TmSeHGYf,96.35.4.214,True,PjCwoBI4y2sV,01
UnVq1JnP,189.223.108.27,True,GNOXId9mg7BK,10
2oSXqiU7,12.38.35.6,True,5em9OFku3Bkq,11
7l64UgjH,54.85.182.120,False,bv3FNmVcJGC4,00
d7Ip5ijt,54.85.182.120,False,m3ZFSaPKTD7l,01
